id,pregunta
[0],"Error in install R package ""RColorBrewer"""
[1],Approximation model for objective functions
[2],Network Configuration to achieve high throughput in HyperLedger Fabric
[3],#1062 - Duplicate entry '1' for key 'team_id' ( Is there any way to bypass this because 2 players do need to be on the same team)
[4],Python: user input menu to call another function
[5],"excluding particular directory while building java,ejb using wlcompile thourgh build_ivy"
[6],How to get contain letter in c# like in sql
[7],jquery working only first element of the loop
[8],Intermittently getting java.net.UnknownHostException: url on jenkins job
[9],Know the answer ? ( 4/2) == float is a bool True or type(4/2) is <class 'float'>
[10],UnauthorizedAccessException when creating a file
[11],"Unable to Run my Project, Facing below issue while running"
[12],How to migrate work items from HPQC to azure devops
[13],How to colon word extract the text? python
[14],"dependent field in laravel nova 4, dependsOn() method,"
[15],output is getting printed two times in the file generated in rmarkdown
[16],Calling a function or the whole file
[17],arabic-tts install on Debian 11
[18],Removing 4 comments totally form a git branch without effects on the rest of commits
[19],Automapper map collection
[20],button remove in datatable laravel 8
[21],hello i am getting this error The size of byte buffer and the shape do not match
[22],Why Autowired is not working inside Filter if using FilterRegistrationBean?
[23],How to restrict a class (table) read only via cloud function?
[24],"image processing, get pure edges"
[25],How to use propel in symfony5
[26],Is biorthogonalization of left and right eigenvectors using ZGEEV in lapack guranteed?
[27],adding values to a existing report template pdf with python
[28],Coercion by numeric comparison operators
[29],#JAVA Getter-method inside child class instead of parent class
[30],Firebase Cloud Messaging no showing Server key
[31],Keras Agent Training Takes Too Much Time
[32],"In R, how to find the location of a word in a string?"
[33],Are there tools for pattern mining?
[34],How avoid shifting of x axis in seaborn with two plots
[35],Unable to login and create session through passport req.logIn() function and next-session
[36],itextsharp second digital signature not correct. Document was corrupted after signing the second signature
[37],Resolving potential false negative C6385 Error in C++
[38],Python script... TypeError: cannot use a string pattern on a bytes-like object
[39],How can I use the data from a fetch in a embed? [duplicate]
[40],how to only show business hours in react FullCalendar
[41],Flask Post Image Binding Error Parameter 2
[42],Typescript expression expected error when creating context
[43],Laravel 8.12 Trying to get property 'id' of non-object
[44],How to Resize background image to match the Layout?
[45],Architectural diagram for Zoom Video Integration
[46],PayPal permissions required to setup subscriptions?
[47],Can you only plot certain points?
[48],nextjs /_next/image?url= returns status 500 with NGINX
[49],React + Firebase + Stripe without firebase stripe
